{
    "Inches": 2.6573978690263065,
    "Ram": -0.186265049456895,
    "Weight": 0.013332520831442237,
    "CPU_freq": 2.4810392923878517,
    "PrimaryStorage": 0.20125696659542633,
    "SecondaryStorage": -0.868742335798747,
    "ScreenPixels": -0.5246811237763112,
    "Price_euros": 0.11770109254371094
}